[
  {
    "citta": "Ancona",
    "brand": "Lavorint",
    "regione": "Marche",
    "indirizzo": "Via Dottor Sandro Totti, 10, 60131 Ancona AN",
    "tel": "324 840 4347",
    "rating": 4.9,
    "reviews": 18,
    "orari": [
      "lunedì: 09:00–13:00",
      "martedì: 09:00–13:00",
      "mercoledì: 09:00–13:00",
      "giovedì: 09:00–13:00",
      "venerdì: 09:00–13:00",
      "sabato: Chiuso",
      "domenica: Chiuso"
    ],
    "lat": 43.5640432,
    "lng": 13.5135523,
    "place_id": "ChIJIydW43SBLRMReq1jfddq69U",
    "website": "http://www.lavorint.it/"
  },
  {
    "citta": "Avellino",
    "brand": "Lavorint",
    "regione": "Campania",
    "indirizzo": "Via Partenio, 52, 83100 Avellino AV",
    "tel": "0825 760108",
    "rating": 4.4,
    "reviews": 11,
    "orari": [
      "lunedì: 09:00–18:00",
      "martedì: 09:00–18:00",
      "mercoledì: 09:00–18:00",
      "giovedì: 09:00–18:00",
      "venerdì: 09:00–18:00",
      "sabato: Chiuso",
      "domenica: Chiuso"
    ],
    "lat": 40.9151165,
    "lng": 14.7904023,
    "place_id": "ChIJlei1BlHMOxMR-SymPE6ePXA",
    "website": "https://www.generazionevincente.it/"
  },
  {
    "citta": "Bari",
    "brand": "Lavorint",
    "regione": "Puglia",
    "indirizzo": "Via Giovanni Amendola, 162/1, 70126 Bari BA",
    "tel": "080 528 9082",
    "rating": 4.9,
    "reviews": 207,
    "orari": [
      "lunedì: 09:00–13:00, 14:00–18:00",
      "martedì: 09:00–13:00, 14:00–18:00",
      "mercoledì: 09:00–13:00, 14:00–18:00",
      "giovedì: 09:00–13:00, 14:00–18:00",
      "venerdì: 09:00–13:00, 14:00–18:00",
      "sabato: Chiuso",
      "domenica: Chiuso"
    ],
    "lat": 41.1031944,
    "lng": 16.887917,
    "place_id": "ChIJdxyhHFjoRxMRasg0iIhe3Xc",
    "website": "https://www.attalgroup.it/"
  },
  {
    "citta": "Bergamo",
    "brand": "Lavorint",
    "regione": "Lombardia",
    "indirizzo": "Via F. Corridoni, 28L, 24124 Bergamo BG",
    "tel": "035 210613",
    "rating": 4.4,
    "reviews": 73,
    "orari": [
      "lunedì: 09:00–13:00, 14:00–18:00",
      "martedì: 09:00–13:00, 14:00–18:00",
      "mercoledì: 09:00–13:00, 14:00–18:00",
      "giovedì: 09:00–13:00, 14:00–18:00",
      "venerdì: 09:00–13:00, 14:00–18:00",
      "sabato: Chiuso",
      "domenica: Chiuso"
    ],
    "lat": 45.706623,
    "lng": 9.6881946,
    "place_id": "ChIJk6Gg6h9RgUcR6Qrv_1CcMWo",
    "website": "http://www.lavorint.it/"
  },
  {
    "citta": "Biella",
    "brand": "Lavorint",
    "regione": "Piemonte",
    "indirizzo": "Via Pietro Volpi, 5B, 13900 Biella BI",
    "tel": "015 252 9194",
    "rating": 4.8,
    "reviews": 166,
    "orari": [
      "lunedì: 09:00–13:00, 14:00–18:00",
      "martedì: 09:00–13:00, 14:00–18:00",
      "mercoledì: 09:00–13:00, 14:00–18:00",
      "giovedì: 09:00–13:00, 14:00–18:00",
      "venerdì: 09:00–13:00, 14:00–18:00",
      "sabato: Chiuso",
      "domenica: Chiuso"
    ],
    "lat": 45.5651703,
    "lng": 8.057245199999999,
    "place_id": "ChIJ18cBFucghkcRxaTa-cYCGCw",
    "website": "https://www.lavorint.it/"
  },
  {
    "citta": "Bologna",
    "brand": "Lavorint",
    "regione": "Emilia-Romagna",
    "indirizzo": "Via Guglielmo Marconi, 45, 40122 Bologna BO",
    "tel": "051 251942",
    "rating": 3.8,
    "reviews": 39,
    "orari": [
      "lunedì: 09:00–13:00, 14:00–18:00",
      "martedì: 09:00–13:00, 14:00–18:00",
      "mercoledì: 09:00–13:00, 14:00–18:00",
      "giovedì: 09:00–13:00, 14:00–18:00",
      "venerdì: 09:00–13:00, 14:00–18:00",
      "sabato: Chiuso",
      "domenica: Chiuso"
    ],
    "lat": 44.4991411,
    "lng": 11.338711,
    "place_id": "ChIJ-2TwvocrfkcR1ZrA4OJuZN0",
    "website": "http://www.lavorint.it/"
  },
  {
    "citta": "Bra",
    "brand": "Lavorint",
    "regione": "Piemonte",
    "indirizzo": "Via Vittone, 9, 12042 Bra CN",
    "tel": "0172 430495",
    "rating": 4.9,
    "reviews": 49,
    "orari": [
      "lunedì: 09:00–13:00, 14:00–18:00",
      "martedì: 09:00–13:00, 14:00–18:00",
      "mercoledì: 09:00–13:00, 14:00–18:00",
      "giovedì: 09:00–13:00, 14:00–18:00",
      "venerdì: 09:00–13:00, 14:00–18:00",
      "sabato: Chiuso",
      "domenica: Chiuso"
    ],
    "lat": 44.6936045,
    "lng": 7.852948,
    "place_id": "ChIJTwoacXWr0hIRLXyvcL6L4AU",
    "website": "https://www.attalgroup.it/"
  },
  {
    "citta": "Campobasso",
    "brand": "Lavorint",
    "regione": "Molise",
    "indirizzo": "Vle Giuseppe Ferro, 176/L, 86100 Campobasso CB",
    "tel": "0874 019773",
    "rating": 5,
    "reviews": 45,
    "orari": [
      "lunedì: 09:00–13:00, 14:00–18:00",
      "martedì: 09:00–13:00, 14:00–18:00",
      "mercoledì: 09:00–13:00, 14:00–18:00",
      "giovedì: 09:00–13:00, 14:00–18:00",
      "venerdì: 09:00–13:00, 14:00–18:00",
      "sabato: Chiuso",
      "domenica: Chiuso"
    ],
    "lat": 41.58456779999999,
    "lng": 14.6674213,
    "place_id": "ChIJVZtXH810OhMRgAfAZJNLY6E",
    "website": "https://www.attalgroup.it/"
  },
  {
    "citta": "Canosa di Puglia",
    "brand": "Lavorint",
    "regione": "Puglia",
    "indirizzo": "Via Ammiraglio Caracciolo, 24, 76012 Canosa di Puglia BT",
    "tel": "0883 951421",
    "rating": 5,
    "reviews": 33,
    "orari": [
      "lunedì: 09:00–13:00, 14:00–18:00",
      "martedì: 09:00–13:00, 14:00–18:00",
      "mercoledì: 09:00–13:00, 14:00–18:00",
      "giovedì: 09:00–13:00, 14:00–18:00",
      "venerdì: 09:00–13:00, 14:00–18:00",
      "sabato: Chiuso",
      "domenica: Chiuso"
    ],
    "lat": 41.2243103,
    "lng": 16.0646643,
    "place_id": "ChIJ38oG-n8QOBMR-KAN2lm3hdI",
    "website": "http://www.attalgroup.it/"
  },
  {
    "citta": "Carrara",
    "brand": "Lavorint",
    "regione": "Toscana",
    "indirizzo": "Via Campo d'Appio, 12, 54033 Carrara MS",
    "tel": "0585 857370",
    "rating": 4.8,
    "reviews": 240,
    "orari": [
      "lunedì: 09:00–13:00, 14:00–18:00",
      "martedì: 09:00–13:00, 14:00–18:00",
      "mercoledì: 09:00–13:00, 14:00–18:00",
      "giovedì: 09:00–13:00, 14:00–18:00",
      "venerdì: 09:00–13:00, 14:00–18:00",
      "sabato: Chiuso",
      "domenica: Chiuso"
    ],
    "lat": 44.0496884,
    "lng": 10.0552767,
    "place_id": "ChIJbVF97UsP1RIRNHT5ikMJzuI",
    "website": "http://www.lavorint.it/"
  },
  {
    "citta": "Fidenza",
    "brand": "Lavorint",
    "regione": "Emilia-Romagna",
    "indirizzo": "Via Bruno Buozzi, 5, 43036 Fidenza PR",
    "tel": "0524 534386",
    "rating": 4.8,
    "reviews": 113,
    "orari": [
      "lunedì: 09:00–13:00, 14:00–18:00",
      "martedì: 09:00–13:00, 14:00–18:00",
      "mercoledì: 09:00–13:00, 14:00–18:00",
      "giovedì: 09:00–13:00, 14:00–18:00",
      "venerdì: 09:00–13:00, 14:00–18:00",
      "sabato: Chiuso",
      "domenica: Chiuso"
    ],
    "lat": 44.8670164,
    "lng": 10.0600843,
    "place_id": "ChIJJ1DFSjJegEcRbUf--NH7x3I",
    "website": "https://www.lavorint.it/"
  },
  {
    "citta": "Foligno",
    "brand": "Lavorint",
    "regione": "Umbria",
    "indirizzo": "Via Monte Cui, 18, 06034 Foligno PG",
    "tel": "0742 342125",
    "rating": 4.9,
    "reviews": 69,
    "orari": [
      "lunedì: 09:00–13:00, 14:00–18:00",
      "martedì: 09:00–13:00, 14:00–18:00",
      "mercoledì: 09:00–13:00, 14:00–18:00",
      "giovedì: 09:00–13:00, 14:00–18:00",
      "venerdì: 09:00–13:00, 14:00–18:00",
      "sabato: Chiuso",
      "domenica: Chiuso"
    ],
    "lat": 42.9469342,
    "lng": 12.6919986,
    "place_id": "ChIJJ1R5N5mFLhMRHd0h8w84bZ4",
    "website": "https://www.lavorint.it/"
  },
  {
    "citta": "Genova",
    "brand": "Lavorint",
    "regione": "Liguria",
    "indirizzo": "Via Marcello Staglieno, 10/2, 16129 Genova GE",
    "tel": "010 362 2632",
    "rating": 4.8,
    "reviews": 146,
    "orari": [
      "lunedì: 09:00–13:00, 14:00–18:00",
      "martedì: 09:00–13:00, 14:00–18:00",
      "mercoledì: 09:00–13:00, 14:00–18:00",
      "giovedì: 09:00–13:00, 14:00–18:00",
      "venerdì: 09:00–13:00, 14:00–18:00",
      "sabato: Chiuso",
      "domenica: Chiuso"
    ],
    "lat": 44.4010508,
    "lng": 8.9475796,
    "place_id": "ChIJ_aQRn8FD0xIRYGZV7LNXMho",
    "website": ""
  },
  {
    "citta": "Mantova",
    "brand": "Lavorint",
    "regione": "Lombardia",
    "indirizzo": "Viale Gorizia, 13, 46100 Mantova MN",
    "tel": "0376 329012",
    "rating": 4.8,
    "reviews": 142,
    "orari": [
      "lunedì: 09:00–13:00, 14:00–18:00",
      "martedì: 09:00–13:00, 14:00–18:00",
      "mercoledì: 09:00–13:00, 14:00–18:00",
      "giovedì: 09:00–13:00, 14:00–18:00",
      "venerdì: 09:00–13:00, 14:00–18:00",
      "sabato: Chiuso",
      "domenica: Chiuso"
    ],
    "lat": 45.1511751,
    "lng": 10.7787568,
    "place_id": "ChIJDwDpexfUgUcRmcjadEZb_2I",
    "website": "http://www.attalgroup.it/"
  },
  {
    "citta": "Modena",
    "brand": "Lavorint",
    "regione": "Emilia-Romagna",
    "indirizzo": "Via Divisione Acqui, 137/B, 41122 Modena MO",
    "tel": "059 575 0440",
    "rating": 4.7,
    "reviews": 35,
    "orari": [
      "lunedì: 09:00–13:00, 14:00–18:00",
      "martedì: 09:00–13:00, 14:00–18:00",
      "mercoledì: 09:00–13:00, 14:00–18:00",
      "giovedì: 09:00–13:00, 14:00–18:00",
      "venerdì: 09:00–13:00, 14:00–18:00",
      "sabato: Chiuso",
      "domenica: Chiuso"
    ],
    "lat": 44.6474037,
    "lng": 10.9495468,
    "place_id": "ChIJF3J-2wzvf0cRUNsUuZIHlPo",
    "website": "https://www.lavorint.it/"
  },
  {
    "citta": "Monselice",
    "brand": "Lavorint",
    "regione": "Veneto",
    "indirizzo": "Via V. Veneto, 11, 35043 Monselice PD",
    "tel": "0429 2976",
    "rating": 4.7,
    "reviews": 40,
    "orari": [
      "lunedì: 09:00–13:00, 14:00–18:00",
      "martedì: 09:00–13:00, 14:00–18:00",
      "mercoledì: 09:00–13:00, 14:00–18:00",
      "giovedì: 09:00–13:00, 14:00–18:00",
      "venerdì: 09:00–13:00, 14:00–18:00",
      "sabato: Chiuso",
      "domenica: Chiuso"
    ],
    "lat": 45.2317476,
    "lng": 11.7528605,
    "place_id": "ChIJD7_73k_hfkcR9rJ2oyxk2As",
    "website": "https://www.lavorint.it/"
  },
  {
    "citta": "Monza",
    "brand": "Lavorint",
    "regione": "Lombardia",
    "indirizzo": "Via E. Segre', 3, 20900 Monza MB",
    "tel": "039 900 7050",
    "rating": 4.8,
    "reviews": 93,
    "orari": [
      "lunedì: 09:00–13:00, 14:00–18:00",
      "martedì: 09:00–13:00, 14:00–18:00",
      "mercoledì: 09:00–13:00, 14:00–18:00",
      "giovedì: 09:00–13:00, 14:00–18:00",
      "venerdì: 09:00–13:00, 14:00–18:00",
      "sabato: Chiuso",
      "domenica: Chiuso"
    ],
    "lat": 45.5771656,
    "lng": 9.252853,
    "place_id": "ChIJy_cci3S5hkcRVdU6P23oqTo",
    "website": "http://www.attalgroup.it/"
  },
  {
    "citta": "Mosciano Sant'Angelo",
    "brand": "Lavorint",
    "regione": "Abruzzo",
    "indirizzo": "Viale Europa, 1, 64023 Mosciano Sant'Angelo TE",
    "tel": "085 904 0630",
    "rating": 4.9,
    "reviews": 231,
    "orari": [
      "lunedì: 09:00–13:00, 14:00–18:00",
      "martedì: 09:00–13:00, 14:00–18:00",
      "mercoledì: 09:00–13:00, 14:00–18:00",
      "giovedì: 09:00–13:00, 14:00–18:00",
      "venerdì: 09:00–13:00, 14:00–18:00",
      "sabato: Chiuso",
      "domenica: Chiuso"
    ],
    "lat": 42.7114238,
    "lng": 13.910475,
    "place_id": "ChIJyX0ZNornMRMRRXvOAj1cMBI",
    "website": "https://www.lavorint.it/"
  },
  {
    "citta": "Mosciano Sant'Angelo",
    "brand": "Lavorint",
    "regione": "Abruzzo",
    "indirizzo": "Viale Europa, 1, 64023 Mosciano Sant'Angelo TE",
    "tel": "085 904 0630",
    "rating": 4.9,
    "reviews": 231,
    "orari": [
      "lunedì: 09:00–13:00, 14:00–18:00",
      "martedì: 09:00–13:00, 14:00–18:00",
      "mercoledì: 09:00–13:00, 14:00–18:00",
      "giovedì: 09:00–13:00, 14:00–18:00",
      "venerdì: 09:00–13:00, 14:00–18:00",
      "sabato: Chiuso",
      "domenica: Chiuso"
    ],
    "lat": 42.7114238,
    "lng": 13.910475,
    "place_id": "ChIJyX0ZNornMRMRRXvOAj1cMBI",
    "website": "https://www.lavorint.it/"
  },
  {
    "citta": "Napoli",
    "brand": "Lavorint",
    "regione": "Campania",
    "indirizzo": "Via Toledo, 292, 80132 Napoli NA",
    "tel": "081 410 4430",
    "rating": 4.9,
    "reviews": 95,
    "orari": [
      "lunedì: 09:00–13:00, 14:00–18:00",
      "martedì: 09:00–13:00, 14:00–18:00",
      "mercoledì: 09:00–13:00, 14:00–18:00",
      "giovedì: 09:00–13:00, 14:00–18:00",
      "venerdì: 09:00–13:00, 14:00–18:00",
      "sabato: Chiuso",
      "domenica: Chiuso"
    ],
    "lat": 40.840021,
    "lng": 14.2483832,
    "place_id": "ChIJE-ytaFsIOxMROLat-d8uvJ0",
    "website": "https://www.lavorint.it/"
  },
  {
    "citta": "Padova",
    "brand": "Lavorint",
    "regione": "Veneto",
    "indirizzo": "Via Carlo Rezzonico, 45, 35131 Padova PD",
    "tel": "049 876 5716",
    "rating": 4.6,
    "reviews": 54,
    "orari": [
      "lunedì: 09:00–13:00, 14:00–18:00",
      "martedì: 09:00–13:00, 14:00–18:00",
      "mercoledì: 09:00–13:00, 14:00–18:00",
      "giovedì: 09:00–13:00, 14:00–18:00",
      "venerdì: 09:00–13:00, 14:00–18:00",
      "sabato: Chiuso",
      "domenica: Chiuso"
    ],
    "lat": 45.4141858,
    "lng": 11.8867778,
    "place_id": "ChIJ90n29l7afkcRqvsVJHTjbIE",
    "website": "https://www.attalgroup.it/"
  },
  {
    "citta": "Parma",
    "brand": "Lavorint",
    "regione": "Emilia-Romagna",
    "indirizzo": "Piazza Meuccio Ruini, 15/A, 43126 Parma PR",
    "tel": "0521 235530",
    "rating": 4.8,
    "reviews": 304,
    "orari": [
      "lunedì: 09:00–13:00, 14:00–18:00",
      "martedì: 09:00–13:00, 14:00–18:00",
      "mercoledì: 09:00–13:00, 14:00–18:00",
      "giovedì: 09:00–13:00, 14:00–18:00",
      "venerdì: 09:00–13:00, 14:00–18:00",
      "sabato: Chiuso",
      "domenica: Chiuso"
    ],
    "lat": 44.8128847,
    "lng": 10.2928173,
    "place_id": "ChIJsVnTzkVqgEcRatqC07nG0ko",
    "website": "https://www.lavorint.it/"
  },
  {
    "citta": "Perugia",
    "brand": "Lavorint",
    "regione": "Umbria",
    "indirizzo": "Via Nino Bixio, 52, 06135 Perugia PG",
    "tel": "075 36130",
    "rating": 4.8,
    "reviews": 38,
    "orari": [
      "lunedì: 09:00–13:00, 14:00–18:00",
      "martedì: 09:00–13:00, 14:00–18:00",
      "mercoledì: 09:00–13:00, 14:00–18:00",
      "giovedì: 09:00–13:00, 14:00–18:00",
      "venerdì: 09:00–13:00, 14:00–18:00",
      "sabato: Chiuso",
      "domenica: Chiuso"
    ],
    "lat": 43.0919416,
    "lng": 12.4427345,
    "place_id": "ChIJk0kAJOuFLhMRTG9O2qsX8NY",
    "website": "http://www.lavorint.it/"
  },
  {
    "citta": "Piombino",
    "brand": "Lavorint",
    "regione": "Toscana",
    "indirizzo": "Via Antonio Pacinotti, 24, 57025 Piombino LI",
    "tel": "0565 221119",
    "rating": 5,
    "reviews": 57,
    "orari": [
      "lunedì: 09:00–13:00, 14:00–18:00",
      "martedì: 09:00–13:00, 14:00–18:00",
      "mercoledì: 09:00–13:00, 14:00–18:00",
      "giovedì: 09:00–13:00, 14:00–18:00",
      "venerdì: 09:00–13:00, 14:00–18:00",
      "sabato: Chiuso",
      "domenica: Chiuso"
    ],
    "lat": 42.9238126,
    "lng": 10.5297175,
    "place_id": "ChIJLSdDgVUh1hIRW0DQVLVS5Vo",
    "website": "https://www.lavorint.it/dove-siamo/item/piombino"
  },
  {
    "citta": "Reggio nell'Emilia",
    "brand": "Lavorint",
    "regione": "Emilia-Romagna",
    "indirizzo": "Via Rosario Livatino, 9, 42124 Reggio nell'Emilia RE",
    "tel": "0522 580508",
    "rating": 4.8,
    "reviews": 312,
    "orari": [
      "lunedì: 09:00–13:00, 14:00–18:00",
      "martedì: 09:00–13:00, 14:00–18:00",
      "mercoledì: 09:00–13:00, 14:00–18:00",
      "giovedì: 09:00–13:00, 14:00–18:00",
      "venerdì: 09:00–13:00, 14:00–18:00",
      "sabato: Chiuso",
      "domenica: Chiuso"
    ],
    "lat": 44.7077089,
    "lng": 10.6341599,
    "place_id": "ChIJIwBjfkYcgEcRFVzmHvlFsxU",
    "website": "http://www.attalgroup.it/"
  },
  {
    "citta": "Roma",
    "brand": "Lavorint",
    "regione": "Lazio",
    "indirizzo": "Via Nomentana, 263, 00198 Roma RM",
    "tel": "06 7707 6379",
    "rating": 4.8,
    "reviews": 118,
    "orari": [
      "lunedì: 09:00–13:00, 14:00–18:00",
      "martedì: 09:00–13:00, 14:00–18:00",
      "mercoledì: 09:00–13:00, 14:00–18:00",
      "giovedì: 09:00–13:00, 14:00–18:00",
      "venerdì: 09:00–13:00, 14:00–18:00",
      "sabato: Chiuso",
      "domenica: Chiuso"
    ],
    "lat": 41.9153605,
    "lng": 12.5098528,
    "place_id": "ChIJC2_MYexhLxMRG9Ud1CTx6JI",
    "website": "http://www.attalgroup.it/"
  },
  {
    "citta": "Sambucheto",
    "brand": "Lavorint",
    "regione": "Marche",
    "indirizzo": "Via Nazionale, 34 L, 62010 Sambucheto MC",
    "tel": "0733 290939",
    "rating": 4.7,
    "reviews": 44,
    "orari": [
      "lunedì: 09:00–13:00, 14:00–18:00",
      "martedì: 09:00–13:00, 14:00–18:00",
      "mercoledì: 09:00–13:00, 14:00–18:00",
      "giovedì: 09:00–13:00, 14:00–18:00",
      "venerdì: 09:00–13:00, 14:00–18:00",
      "sabato: Chiuso",
      "domenica: Chiuso"
    ],
    "lat": 43.35525579999999,
    "lng": 13.4789514,
    "place_id": "ChIJy4Zv1sCLLRMR69ZRpV3efcg",
    "website": "http://www.lavorint.it/"
  },
  {
    "citta": "Savonera",
    "brand": "Lavorint",
    "regione": "Piemonte",
    "indirizzo": "Str. Collegno Venaria, 14, 10093 Savonera TO",
    "tel": "011 506 9322",
    "rating": 4.8,
    "reviews": 135,
    "orari": [
      "lunedì: 09:00–13:00, 14:00–18:00",
      "martedì: 09:00–13:00, 14:00–18:00",
      "mercoledì: 09:00–13:00, 14:00–18:00",
      "giovedì: 09:00–13:00, 14:00–18:00",
      "venerdì: 09:00–13:00, 14:00–18:00",
      "sabato: Chiuso",
      "domenica: Chiuso"
    ],
    "lat": 45.1160263,
    "lng": 7.614208199999998,
    "place_id": "ChIJszBRXJNqiEcRYBOinvkuvmw",
    "website": "http://www.attalgroup.it/"
  },
  {
    "citta": "Spoltore",
    "brand": "Lavorint",
    "regione": "Abruzzo",
    "indirizzo": "Via Federico Fellini, 13, 65121 Spoltore PE",
    "tel": "085 205 6455",
    "rating": 4.9,
    "reviews": 236,
    "orari": [
      "lunedì: 09:00–13:00, 14:00–18:00",
      "martedì: 09:00–13:00, 14:00–18:00",
      "mercoledì: 09:00–13:00, 14:00–18:00",
      "giovedì: 09:00–13:00, 14:00–18:00",
      "venerdì: 09:00–13:00, 14:00–18:00",
      "sabato: Chiuso",
      "domenica: Chiuso"
    ],
    "lat": 42.45287039999999,
    "lng": 14.1837193,
    "place_id": "ChIJ_____2imMRMRlutmIlNRvlM",
    "website": "http://www.attalgroup.it/"
  },
  {
    "citta": "Bergamo",
    "brand": "Tempor",
    "regione": "Lombardia",
    "indirizzo": "Via Nazario Sauro, 2d, 24123 Bergamo BG",
    "tel": "035 249752",
    "rating": 4.6,
    "reviews": 147,
    "orari": [
      "lunedì: 09:00–13:00, 14:00–18:00",
      "martedì: 09:00–13:00, 14:00–18:00",
      "mercoledì: 09:00–13:00, 14:00–18:00",
      "giovedì: 09:00–13:00, 14:00–18:00",
      "venerdì: 09:00–13:00, 14:00–18:00",
      "sabato: Chiuso",
      "domenica: Chiuso"
    ],
    "lat": 45.70446889999999,
    "lng": 9.6775717,
    "place_id": "ChIJYawIBCNRgUcRaL3lmdUly6s",
    "website": "https://www.tempor.it/"
  },
  {
    "citta": "Bologna",
    "brand": "Tempor",
    "regione": "Emilia-Romagna",
    "indirizzo": "Via Leonetto Cipriani, 13, 40131 Bologna BO",
    "tel": "051 681 0640",
    "rating": 4,
    "reviews": 12,
    "orari": [
      "lunedì: 09:00–13:00, 14:00–18:00",
      "martedì: 09:00–13:00, 14:00–18:00",
      "mercoledì: 09:00–13:00, 14:00–18:00",
      "giovedì: 09:00–13:00, 14:00–18:00",
      "venerdì: 09:00–13:00, 14:00–16:30",
      "sabato: Chiuso",
      "domenica: Chiuso"
    ],
    "lat": 44.5044838,
    "lng": 11.3333464,
    "place_id": "ChIJB3EV8oTUf0cR-4__5gbS2tU",
    "website": "http://www.tempor.it/"
  },
  {
    "citta": "Cagliari",
    "brand": "Tempor",
    "regione": "Sardegna",
    "indirizzo": "Viale Bonaria, 56, 09125 Cagliari CA",
    "tel": "070 332 8707",
    "rating": 4.8,
    "reviews": 24,
    "orari": [
      "lunedì: 09:00–13:00, 14:00–18:00",
      "martedì: 09:00–13:00, 14:00–18:00",
      "mercoledì: 09:00–13:00, 14:00–18:00",
      "giovedì: 09:00–13:00, 14:00–18:00",
      "venerdì: 09:00–13:00, 14:00–18:00",
      "sabato: Chiuso",
      "domenica: Chiuso"
    ],
    "lat": 39.2113369,
    "lng": 9.1189585,
    "place_id": "ChIJ3_BB8NA05xIRuCA982sGsrk",
    "website": "https://www.tempor.it/"
  },
  {
    "citta": "Codroipo",
    "brand": "Tempor",
    "regione": "Friuli-Venezia Giulia",
    "indirizzo": "Via Giovanni Battista Candotti, 4, 33033 Codroipo UD",
    "tel": "0432 190 3230",
    "rating": 4.5,
    "reviews": 52,
    "orari": [
      "lunedì: 09:00–13:00, 14:00–18:00",
      "martedì: 09:00–13:00, 14:00–18:00",
      "mercoledì: 09:00–13:00, 14:00–18:00",
      "giovedì: 09:00–13:00, 14:00–18:00",
      "venerdì: 09:00–13:00, 14:00–18:00",
      "sabato: Chiuso",
      "domenica: Chiuso"
    ],
    "lat": 45.9611386,
    "lng": 12.976754,
    "place_id": "ChIJw61cVSfRe0cR16FSYKNhO_o",
    "website": "https://www.tempor.it/"
  },
  {
    "citta": "Cosenza",
    "brand": "Tempor",
    "regione": "Calabria",
    "indirizzo": "Via Pasquale Rossi, 49, 87100 Cosenza CS",
    "tel": "0984 414774",
    "rating": 4.9,
    "reviews": 53,
    "orari": [
      "lunedì: 09:00–13:00, 14:00–18:00",
      "martedì: 09:00–13:00, 14:00–18:00",
      "mercoledì: 09:00–13:00, 14:00–18:00",
      "giovedì: 09:00–13:00, 14:00–18:00",
      "venerdì: 09:00–13:00, 14:00–16:30",
      "sabato: Chiuso",
      "domenica: Chiuso"
    ],
    "lat": 39.30429,
    "lng": 16.2463058,
    "place_id": "ChIJR2nMO62QPxMR-RLsXi81m3k",
    "website": "http://www.tempor.it/"
  },
  {
    "citta": "Crema",
    "brand": "Tempor",
    "regione": "Lombardia",
    "indirizzo": "Via Luigi Cadorna, 22, 26013 Crema CR",
    "tel": "0373 476074",
    "rating": 4.8,
    "reviews": 73,
    "orari": [
      "lunedì: 09:00–13:00, 14:00–18:00",
      "martedì: 09:00–13:00, 14:00–18:00",
      "mercoledì: 09:00–13:00, 14:00–18:00",
      "giovedì: 09:00–13:00, 14:00–18:00",
      "venerdì: 09:00–13:00, 14:00–18:00",
      "sabato: Chiuso",
      "domenica: Chiuso"
    ],
    "lat": 45.3638427,
    "lng": 9.6985184,
    "place_id": "ChIJ1yX6Eww7gUcRkRYyonp0OsA",
    "website": "https://www.tempor.it/"
  },
  {
    "citta": "Frosinone",
    "brand": "Tempor",
    "regione": "Lazio",
    "indirizzo": "Piazza Sandro Pertini, 03100 Frosinone FR",
    "tel": "0775 271112",
    "rating": 5,
    "reviews": 2,
    "orari": [
      "lunedì: 09:00–13:00, 14:00–18:00",
      "martedì: 09:00–13:00, 14:00–18:00",
      "mercoledì: 09:00–13:00, 14:00–18:00",
      "giovedì: 09:00–13:00, 14:00–18:00",
      "venerdì: 09:00–13:00, 14:00–16:30",
      "sabato: Chiuso",
      "domenica: Chiuso"
    ],
    "lat": 41.6287058,
    "lng": 13.3262662,
    "place_id": "ChIJj6dkqY5aJRMR1WI4ncNDTks",
    "website": "https://www.tempor.it/"
  },
  {
    "citta": "Ivrea",
    "brand": "Tempor",
    "regione": "Piemonte",
    "indirizzo": "Via Natalia Ginzburg, 3/a, 10015 Ivrea TO",
    "tel": "0125 642832",
    "rating": 5,
    "reviews": 68,
    "orari": [
      "lunedì: 09:00–13:00, 14:00–18:00",
      "martedì: 09:00–13:00, 14:00–18:00",
      "mercoledì: 09:00–13:00, 14:00–18:00",
      "giovedì: 09:00–13:00, 14:00–18:00",
      "venerdì: 09:00–13:00, 14:00–18:00",
      "sabato: Chiuso",
      "domenica: Chiuso"
    ],
    "lat": 45.4614004,
    "lng": 7.880014900000001,
    "place_id": "ChIJM-itIMGEiEcRlF-XBziXJtI",
    "website": "https://www.tempor.it/"
  },
  {
    "citta": "La Spezia",
    "brand": "Tempor",
    "regione": "Liguria",
    "indirizzo": "Via Giacomo Doria, 53-55-57, 19124 La Spezia SP",
    "tel": "0187 186 6645",
    "rating": 4.6,
    "reviews": 148,
    "orari": [
      "lunedì: 09:00–13:00, 14:00–18:00",
      "martedì: 09:00–13:00, 14:00–18:00",
      "mercoledì: 09:00–13:00, 14:00–18:00",
      "giovedì: 09:00–13:00, 14:00–18:00",
      "venerdì: 09:00–13:00, 14:00–18:00",
      "sabato: Chiuso",
      "domenica: Chiuso"
    ],
    "lat": 44.1122683,
    "lng": 9.8343244,
    "place_id": "ChIJ_7gTymD91BIRpkLM6LkQj9g",
    "website": "http://www.tempor.it/"
  },
  {
    "citta": "Latina",
    "brand": "Tempor",
    "regione": "Lazio",
    "indirizzo": "Via Piave, 829, 04100 Latina LT",
    "tel": "0773 474268",
    "rating": 4.8,
    "reviews": 51,
    "orari": [
      "lunedì: 09:00–13:00, 14:00–18:00",
      "martedì: 09:00–13:00, 14:00–18:00",
      "mercoledì: 09:00–13:00, 14:00–18:00",
      "giovedì: 09:00–13:00, 14:00–18:00",
      "venerdì: 09:00–13:00, 14:00–18:00",
      "sabato: Chiuso",
      "domenica: Chiuso"
    ],
    "lat": 41.4765816,
    "lng": 12.8787686,
    "place_id": "ChIJYUQEZIAMJRMRtfrAOqPwH-Q",
    "website": "http://www.tempor.it/"
  },
  {
    "citta": "Lecce",
    "brand": "Tempor",
    "regione": "Puglia",
    "indirizzo": "Via Alessandro Manzoni, 31, 73100 Lecce LE",
    "tel": "0832 279967",
    "rating": 4.3,
    "reviews": 8,
    "orari": [],
    "lat": 40.3608528,
    "lng": 18.1736877,
    "place_id": "ChIJ5zzm3u4uRBMRcb3MzII0Jp4",
    "website": "https://www.tempor.it/"
  },
  {
    "citta": "Modena",
    "brand": "Tempor",
    "regione": "Emilia-Romagna",
    "indirizzo": "Via Divisione Acqui, 137/B, 41124 Modena MO",
    "tel": "059 370766",
    "rating": 4.6,
    "reviews": 18,
    "orari": [
      "lunedì: 09:00–13:00, 14:00–18:00",
      "martedì: 09:00–13:00, 14:00–18:00",
      "mercoledì: 09:00–13:00, 14:00–18:00",
      "giovedì: 09:00–13:00, 14:00–18:00",
      "venerdì: 09:00–13:00, 14:00–18:00",
      "sabato: Chiuso",
      "domenica: Chiuso"
    ],
    "lat": 44.6474037,
    "lng": 10.9495468,
    "place_id": "ChIJP0sN7TPvf0cRttsEk6ixTcQ",
    "website": "https://www.tempor.it/"
  },
  {
    "citta": "Olbia",
    "brand": "Tempor",
    "regione": "Sardegna",
    "indirizzo": "Via Capotesta, 1, 07026 Olbia SS",
    "tel": "070 332 8707",
    "rating": null,
    "reviews": 0,
    "orari": [
      "lunedì: 09:00–13:00, 14:00–18:00",
      "martedì: 09:00–13:00, 14:00–18:00",
      "mercoledì: 09:00–13:00, 14:00–18:00",
      "giovedì: 09:00–13:00, 14:00–18:00",
      "venerdì: 09:00–13:00, 14:00–18:00",
      "sabato: Chiuso",
      "domenica: Chiuso"
    ],
    "lat": 40.9200746,
    "lng": 9.4960609,
    "place_id": "ChIJj09PRK9L2RIRNgEAC_LtJTk",
    "website": "https://www.tempor.it/"
  },
  {
    "citta": "Parma",
    "brand": "Tempor",
    "regione": "Emilia-Romagna",
    "indirizzo": "Via Giovanni Lanfranco, 9, 43126 Parma PR",
    "tel": "0521 982777",
    "rating": 3.8,
    "reviews": 17,
    "orari": [
      "lunedì: 09:00–13:00, 14:00–18:00",
      "martedì: 09:00–13:00, 14:00–18:00",
      "mercoledì: 09:00–13:00, 14:00–18:00",
      "giovedì: 09:00–13:00, 14:00–18:00",
      "venerdì: 09:00–13:00, 14:00–18:00",
      "sabato: Chiuso",
      "domenica: Chiuso"
    ],
    "lat": 44.810815,
    "lng": 10.3167746,
    "place_id": "ChIJ-wWvtvdqgEcRN5IrnRydygQ",
    "website": "http://www.tempor.it/"
  },
  {
    "citta": "Potenza",
    "brand": "Tempor",
    "regione": "Basilicata",
    "indirizzo": "Corso G. Garibaldi, 82, 85100 Potenza PZ",
    "tel": "0971 274736",
    "rating": 4.9,
    "reviews": 46,
    "orari": [],
    "lat": 40.6408513,
    "lng": 15.8128195,
    "place_id": "ChIJqcHDSeniOBMRwUvhMBwU1Us",
    "website": "https://www.tempor.it/elenco-filiali/"
  },
  {
    "citta": "Potenza",
    "brand": "Tempor",
    "regione": "Basilicata",
    "indirizzo": "Corso G. Garibaldi, 82, 85100 Potenza PZ",
    "tel": "0971 274736",
    "rating": 4.9,
    "reviews": 46,
    "orari": [],
    "lat": 40.6408513,
    "lng": 15.8128195,
    "place_id": "ChIJqcHDSeniOBMRwUvhMBwU1Us",
    "website": "https://www.tempor.it/elenco-filiali/"
  },
  {
    "citta": "Rieti",
    "brand": "Tempor",
    "regione": "Lazio",
    "indirizzo": "Piazza Vittorio Bachelet, 27, 02100 Rieti RI",
    "tel": "0746 197 3227",
    "rating": 4.9,
    "reviews": 74,
    "orari": [
      "lunedì: 09:00–13:00, 14:00–18:00",
      "martedì: 09:00–13:00, 14:00–18:00",
      "mercoledì: 09:00–13:00, 14:00–18:00",
      "giovedì: 09:00–13:00, 14:00–18:00",
      "venerdì: 09:00–13:00, 14:00–18:00",
      "sabato: Chiuso",
      "domenica: Chiuso"
    ],
    "lat": 42.399996,
    "lng": 12.8572346,
    "place_id": "ChIJG-R_pjSrLxMRSCIbbAleoF8",
    "website": "https://www.tempor.it/"
  },
  {
    "citta": "Roma",
    "brand": "Tempor",
    "regione": "Lazio",
    "indirizzo": "Via Livorno, 41a, 00162 Roma RM",
    "tel": "06 729631",
    "rating": 4.4,
    "reviews": 56,
    "orari": [
      "lunedì: 09:00–13:00, 14:00–18:00",
      "martedì: 09:00–13:00, 14:00–18:00",
      "mercoledì: 09:00–13:00, 14:00–18:00",
      "giovedì: 09:00–13:00, 14:00–18:00",
      "venerdì: 09:00–13:00, 14:00–18:00",
      "sabato: Chiuso",
      "domenica: Chiuso"
    ],
    "lat": 41.91557030000001,
    "lng": 12.5238586,
    "place_id": "ChIJn_r9gGRhLxMR8Qw5LTMKd7c",
    "website": "http://www.tempor.it/"
  },
  {
    "citta": "Salerno",
    "brand": "Tempor",
    "regione": "Campania",
    "indirizzo": "Via San Leonardo, 52, 84131 Salerno SA",
    "tel": "089 285 1172",
    "rating": 3.5,
    "reviews": 10,
    "orari": [
      "lunedì: 09:30–12:30, 14:30–17:30",
      "martedì: 09:30–12:30, 14:30–17:30",
      "mercoledì: 09:30–12:30, 14:30–17:30",
      "giovedì: 09:30–12:30, 14:30–17:30",
      "venerdì: 09:30–12:30, 14:30–17:30",
      "sabato: Chiuso",
      "domenica: Chiuso"
    ],
    "lat": 40.6511335,
    "lng": 14.8207621,
    "place_id": "ChIJo_6ga13COxMR5rCWb8sDx1M",
    "website": "http://www.tempor.it/"
  },
  {
    "citta": "Thiene",
    "brand": "Tempor",
    "regione": "Veneto",
    "indirizzo": "Viale Europa, 95, 36016 Thiene VI",
    "tel": "0445 165 0997",
    "rating": 4.7,
    "reviews": 9,
    "orari": [
      "lunedì: 09:00–13:00, 14:00–18:00",
      "martedì: 09:00–13:00, 14:00–18:00",
      "mercoledì: 09:00–13:00, 14:00–18:00",
      "giovedì: 09:00–13:00, 14:00–18:00",
      "venerdì: 09:00–13:00, 14:00–18:00",
      "sabato: Chiuso",
      "domenica: Chiuso"
    ],
    "lat": 45.71128299999999,
    "lng": 11.4965403,
    "place_id": "ChIJHaY2QfPJeEcR_siF56QOxF0",
    "website": "https://www.tempor.it/elenco-filiali/"
  },
  {
    "citta": "Torino",
    "brand": "Tempor",
    "regione": "Piemonte",
    "indirizzo": "Via Susa, 40, 10138 Torino TO",
    "tel": "011 506 9446",
    "rating": 3.4,
    "reviews": 20,
    "orari": [
      "lunedì: 09:00–13:00, 14:00–18:00",
      "martedì: 09:00–13:00, 14:00–18:00",
      "mercoledì: 09:00–13:00, 14:00–18:00",
      "giovedì: 09:00–13:00, 14:00–18:00",
      "venerdì: 09:00–13:00, 14:00–18:00",
      "sabato: Chiuso",
      "domenica: Chiuso"
    ],
    "lat": 45.0742679,
    "lng": 7.658774200000001,
    "place_id": "ChIJd-RCJcr_VEARmP-NM9oj6zI",
    "website": "http://www.tempor.it/"
  },
  {
    "citta": "Vasto",
    "brand": "Tempor",
    "regione": "Abruzzo",
    "indirizzo": "b, Via Maddalena, 63, 66054 Vasto CH",
    "tel": "0873 471100",
    "rating": 4.4,
    "reviews": 86,
    "orari": [
      "lunedì: 09:00–13:00, 15:00–19:00",
      "martedì: 09:00–13:00, 15:00–19:00",
      "mercoledì: 09:00–13:00, 15:00–19:00",
      "giovedì: 09:00–13:00, 15:00–19:00",
      "venerdì: 09:00–13:00, 15:00–19:00",
      "sabato: Chiuso",
      "domenica: Chiuso"
    ],
    "lat": 42.12421870000001,
    "lng": 14.7009253,
    "place_id": "ChIJxd8oa7TdMBMRZjI9_X98zkQ",
    "website": "http://www.tempor.it/"
  },
  {
    "citta": "Bari",
    "brand": "Temporary",
    "regione": "Puglia",
    "indirizzo": "Via Giovanni Amendola, 162/1, 70126 Bari BA",
    "tel": "080 990 4974",
    "rating": 4.6,
    "reviews": 110,
    "orari": [
      "lunedì: 09:00–13:00, 14:00–18:00",
      "martedì: 09:00–13:00, 14:00–18:00",
      "mercoledì: 09:00–13:00, 14:00–18:00",
      "giovedì: 09:00–13:00, 14:00–18:00",
      "venerdì: 09:00–13:00, 14:00–18:00",
      "sabato: Chiuso",
      "domenica: Chiuso"
    ],
    "lat": 41.1031269,
    "lng": 16.8880162,
    "place_id": "ChIJj7qUefXoRxMRrAspGbWLhVU",
    "website": "http://www.temporary.it/"
  },
  {
    "citta": "Battipaglia",
    "brand": "Temporary",
    "regione": "Campania",
    "indirizzo": "Via Giovanni Palatucci, 17, 84091 Battipaglia SA",
    "tel": "0828 030633",
    "rating": 4.9,
    "reviews": 37,
    "orari": [
      "lunedì: 09:00–13:00, 14:00–18:00",
      "martedì: 09:00–13:00, 14:00–18:00",
      "mercoledì: 09:00–13:00, 14:00–18:00",
      "giovedì: 09:00–13:00, 14:00–18:00",
      "venerdì: 09:00–13:00, 14:00–18:00",
      "sabato: Chiuso",
      "domenica: Chiuso"
    ],
    "lat": 40.60529560000001,
    "lng": 14.9918983,
    "place_id": "ChIJZUbsmWPgOxMRWmpXdesPYoI",
    "website": "https://www.temporary.it/"
  },
  {
    "citta": "Bergamo",
    "brand": "Temporary",
    "regione": "Lombardia",
    "indirizzo": "Via S. Bernardino, 27, 24122 Bergamo BG",
    "tel": "035 077 9159",
    "rating": 4.8,
    "reviews": 226,
    "orari": [
      "lunedì: 09:00–13:00, 14:00–18:00",
      "martedì: 09:00–13:00, 14:00–18:00",
      "mercoledì: 09:00–13:00, 14:00–18:00",
      "giovedì: 09:00–13:00, 14:00–18:00",
      "venerdì: 09:00–13:00, 14:00–18:00",
      "sabato: Chiuso",
      "domenica: Chiuso"
    ],
    "lat": 45.690334,
    "lng": 9.663258599999999,
    "place_id": "ChIJj4JLIwxRgUcRoXe3z9ckBLs",
    "website": "http://www.temporary.it/"
  },
  {
    "citta": "Brescia",
    "brand": "Temporary",
    "regione": "Lombardia",
    "indirizzo": "Via Bredina, 1/a, 25128 Brescia BS",
    "tel": "030 836 0499",
    "rating": 4.1,
    "reviews": 13,
    "orari": [
      "lunedì: 09:00–13:00, 14:00–18:00",
      "martedì: 09:00–13:00, 14:00–18:00",
      "mercoledì: 09:00–13:00, 14:00–18:00",
      "giovedì: 09:00–13:00, 14:00–18:00",
      "venerdì: 09:00–13:00, 14:00–18:00",
      "sabato: Chiuso",
      "domenica: Chiuso"
    ],
    "lat": 45.5470758,
    "lng": 10.2199032,
    "place_id": "ChIJDwwRf112gUcR0DDGI6Txb_k",
    "website": "http://www.temporary.it/"
  },
  {
    "citta": "Cameri",
    "brand": "Temporary",
    "regione": "Piemonte",
    "indirizzo": "Via Massimo D'Azeglio, 20, 28062 Cameri NO",
    "tel": "0321 032072",
    "rating": null,
    "reviews": 0,
    "orari": [],
    "lat": 45.5031711,
    "lng": 8.658174299999999,
    "place_id": "ChIJMTmMbLRehkcRrFXC28g5zY8",
    "website": "https://www.temporary.it/"
  },
  {
    "citta": "Frosinone",
    "brand": "Temporary",
    "regione": "Lazio",
    "indirizzo": "P.za Caduti di Via Fani, 8, 03100 Frosinone FR",
    "tel": "0775 188 0209",
    "rating": 4.5,
    "reviews": 8,
    "orari": [
      "lunedì: 09:00–13:00, 14:00–18:00",
      "martedì: 09:00–13:00, 14:00–18:00",
      "mercoledì: 09:00–13:00, 14:00–18:00",
      "giovedì: 09:00–13:00, 14:00–18:00",
      "venerdì: 09:00–13:00, 14:00–18:00",
      "sabato: Chiuso",
      "domenica: Chiuso"
    ],
    "lat": 41.6373292,
    "lng": 13.3418383,
    "place_id": "ChIJ8Yk78cZaJRMRCJPikyOVhrg",
    "website": "http://www.temporary.it/"
  },
  {
    "citta": "Lecce",
    "brand": "Temporary",
    "regione": "Puglia",
    "indirizzo": "Via Adriatica, 4/b, 73100 Lecce LE",
    "tel": "0832 169 5344",
    "rating": null,
    "reviews": 0,
    "orari": [],
    "lat": 40.3620454,
    "lng": 18.1697803,
    "place_id": "ChIJfRi3g90vRBMRCs7Ch5WO_x0",
    "website": "https://www.temporary.it/dove-siamo/item/lecce"
  },
  {
    "citta": "Lodi",
    "brand": "Temporary",
    "regione": "Lombardia",
    "indirizzo": "Via Lodino, 9/11, 26900 Lodi LO",
    "tel": "0371 940151",
    "rating": 4.4,
    "reviews": 49,
    "orari": [
      "lunedì: 09:00–13:00, 14:00–18:00",
      "martedì: 09:00–13:00, 14:00–18:00",
      "mercoledì: 09:00–13:00, 14:00–18:00",
      "giovedì: 09:00–13:00, 14:00–18:00",
      "venerdì: 09:00–13:00, 14:00–18:00",
      "sabato: Chiuso",
      "domenica: Chiuso"
    ],
    "lat": 45.316086,
    "lng": 9.5051062,
    "place_id": "ChIJKWOe_yosgUcRKgPVlnPX9Pg",
    "website": "https://www.temporary.it/"
  },
  {
    "citta": "Milano",
    "brand": "Temporary",
    "regione": "Lombardia",
    "indirizzo": "Via Giovanni Battista Pergolesi, 8, 20124 Milano MI",
    "tel": "02 454320",
    "rating": 3,
    "reviews": 18,
    "orari": [
      "lunedì: 09:00–13:00, 14:00–18:00",
      "martedì: 09:00–13:00, 14:00–18:00",
      "mercoledì: 09:00–13:00, 14:00–18:00",
      "giovedì: 09:00–13:00, 14:00–18:00",
      "venerdì: 09:00–13:00, 14:00–18:00",
      "sabato: Chiuso",
      "domenica: Chiuso"
    ],
    "lat": 45.484346,
    "lng": 9.212195999999999,
    "place_id": "ChIJtfSbFje_hkcRf2WaWRul0fI",
    "website": "https://www.temporary.it/"
  },
  {
    "citta": "Milano",
    "brand": "Temporary",
    "regione": "Lombardia",
    "indirizzo": "Alzaia Naviglio Pavese, 52, 20143 Milano MI",
    "tel": "02 3651 3555",
    "rating": 4.3,
    "reviews": 22,
    "orari": [
      "lunedì: 09:00–13:00, 14:00–18:00",
      "martedì: 09:00–13:00, 14:00–18:00",
      "mercoledì: 09:00–13:00, 14:00–18:00",
      "giovedì: 09:00–13:00, 14:00–18:00",
      "venerdì: 09:00–13:00, 14:00–18:00",
      "sabato: Chiuso",
      "domenica: Chiuso"
    ],
    "lat": 45.4458022,
    "lng": 9.1763454,
    "place_id": "ChIJZ8_GFPbDhkcRD9ovvLqVuHY",
    "website": "http://www.temporary.it/"
  },
  {
    "citta": "Milano",
    "brand": "Temporary",
    "regione": "Lombardia",
    "indirizzo": "Via Lecco, 11, 20122 Milano MI",
    "tel": "02 3653 9832",
    "rating": 3.6,
    "reviews": 5,
    "orari": [
      "lunedì: 09:00–13:00, 14:00–18:00",
      "martedì: 09:00–13:00, 14:00–18:00",
      "mercoledì: 09:00–13:00, 14:00–18:00",
      "giovedì: 09:00–13:00, 14:00–18:00",
      "venerdì: 09:00–13:00, 14:00–18:00",
      "sabato: Chiuso",
      "domenica: Chiuso"
    ],
    "lat": 45.4779365,
    "lng": 9.2050058,
    "place_id": "ChIJeYhRVajGhkcRZSoDIiQO5OE",
    "website": "http://www.temporary.it/"
  },
  {
    "citta": "Milano",
    "brand": "Temporary",
    "regione": "Lombardia",
    "indirizzo": "Viale Monza, 151, 20125 Milano MI",
    "tel": "02 3656 8252",
    "rating": 4.7,
    "reviews": 80,
    "orari": [
      "lunedì: 09:00–13:00, 14:00–18:00",
      "martedì: 09:00–13:00, 14:00–18:00",
      "mercoledì: 09:00–13:00, 14:00–18:00",
      "giovedì: 09:00–13:00, 14:00–18:00",
      "venerdì: 09:00–13:00, 14:00–18:00",
      "sabato: Chiuso",
      "domenica: Chiuso"
    ],
    "lat": 45.50207930000001,
    "lng": 9.221220599999999,
    "place_id": "ChIJL6bEORjHhkcRYp2YYb_vynA",
    "website": "http://www.temporary.it/"
  },
  {
    "citta": "Palermo",
    "brand": "Temporary",
    "regione": "Sicilia",
    "indirizzo": "Via Riccardo Wagner, 8, 90139 Palermo PA",
    "tel": "091 843 1073",
    "rating": 4.4,
    "reviews": 42,
    "orari": [
      "lunedì: 09:00–13:00, 14:00–18:00",
      "martedì: 09:00–13:00, 14:00–18:00",
      "mercoledì: 09:00–13:00, 14:00–18:00",
      "giovedì: 09:00–13:00, 14:00–18:00",
      "venerdì: 09:00–13:00, 14:00–18:00",
      "sabato: Chiuso",
      "domenica: Chiuso"
    ],
    "lat": 38.1244777,
    "lng": 13.3581061,
    "place_id": "ChIJh4-MmVjvGRMRtyJKj2uIaUA",
    "website": "http://www.temporary.it/"
  },
  {
    "citta": "Pavia",
    "brand": "Temporary",
    "regione": "Lombardia",
    "indirizzo": "Via S. Paolo, 47, 27100 Pavia PV",
    "tel": "0382 175 1297",
    "rating": 4.5,
    "reviews": 108,
    "orari": [
      "lunedì: 09:00–13:00, 14:00–18:00",
      "martedì: 09:00–13:00, 14:00–18:00",
      "mercoledì: 09:00–13:00, 14:00–18:00",
      "giovedì: 09:00–13:00, 14:00–18:00",
      "venerdì: 09:00–13:00, 14:00–18:00",
      "sabato: Chiuso",
      "domenica: Chiuso"
    ],
    "lat": 45.1908995,
    "lng": 9.1690687,
    "place_id": "ChIJVRQXGUkmh0cR0LZ2xSiIrfc",
    "website": "http://www.temporary.it/"
  },
  {
    "citta": "Piacenza",
    "brand": "Temporary",
    "regione": "Emilia-Romagna",
    "indirizzo": "Stradone Farnese, 2R, 29121 Piacenza PC",
    "tel": "380 199 8177",
    "rating": 4.6,
    "reviews": 26,
    "orari": [
      "lunedì: 09:00–13:00, 14:00–18:00",
      "martedì: 09:00–13:00, 14:00–18:00",
      "mercoledì: 09:00–13:00, 14:00–18:00",
      "giovedì: 09:00–13:00, 14:00–18:00",
      "venerdì: 09:00–13:00, 14:00–18:00",
      "sabato: Chiuso",
      "domenica: Chiuso"
    ],
    "lat": 45.0482898,
    "lng": 9.689833,
    "place_id": "ChIJ7RhOjfbdgEcRGfctaSErdLo",
    "website": "http://www.temporary.it/"
  },
  {
    "citta": "Savigliano",
    "brand": "Temporary",
    "regione": "Piemonte",
    "indirizzo": "Via Sant'Andrea, 16, 12038 Savigliano CN",
    "tel": "0172 050032",
    "rating": 4.8,
    "reviews": 98,
    "orari": [
      "lunedì: 09:00–13:00, 14:00–18:00",
      "martedì: 09:00–13:00, 14:00–18:00",
      "mercoledì: 09:00–13:00, 14:00–18:00",
      "giovedì: 09:00–13:00, 14:00–18:00",
      "venerdì: 09:00–13:00, 14:00–18:00",
      "sabato: Chiuso",
      "domenica: Chiuso"
    ],
    "lat": 44.6451195,
    "lng": 7.655664199999999,
    "place_id": "ChIJNTanlMFpzRIRuzKkLQQBn24",
    "website": "https://www.temporary.it/"
  },
  {
    "citta": "Torino",
    "brand": "Temporary",
    "regione": "Piemonte",
    "indirizzo": "Corso Vinzaglio, 5, 10121 Torino TO",
    "tel": "011 1970 5863",
    "rating": 4.8,
    "reviews": 159,
    "orari": [
      "lunedì: 09:00–13:00, 14:00–18:00",
      "martedì: 09:00–13:00, 14:00–18:00",
      "mercoledì: 09:00–13:00, 14:00–18:00",
      "giovedì: 09:00–13:00, 14:00–18:00",
      "venerdì: 09:00–13:00, 14:00–18:00",
      "sabato: Chiuso",
      "domenica: Chiuso"
    ],
    "lat": 45.0718795,
    "lng": 7.669988499999999,
    "place_id": "ChIJ9XGeimVtiEcRzjcUQ7jM1Mo",
    "website": "http://www.temporary.it/"
  },
  {
    "citta": "Venezia",
    "brand": "Temporary",
    "regione": "Veneto",
    "indirizzo": "Via Daniele Manin, 38/a, 30174 Venezia VE",
    "tel": "041 894 6902",
    "rating": 4.8,
    "reviews": 131,
    "orari": [
      "lunedì: 09:00–13:00, 14:00–18:00",
      "martedì: 09:00–13:00, 14:00–18:00",
      "mercoledì: 09:00–13:00, 14:00–18:00",
      "giovedì: 09:00–13:00, 14:00–18:00",
      "venerdì: 09:00–13:00, 14:00–18:00",
      "sabato: Chiuso",
      "domenica: Chiuso"
    ],
    "lat": 45.4953557,
    "lng": 12.2413036,
    "place_id": "ChIJiS6lGkG0fkcRqLPba156Ous",
    "website": "https://www.temporary.it/"
  },
  {
    "citta": "Voghera",
    "brand": "Temporary",
    "regione": "Lombardia",
    "indirizzo": "B, Via Gramsci, 23, 27058 Voghera PV",
    "tel": "0383 193 0002",
    "rating": 4.4,
    "reviews": 127,
    "orari": [
      "lunedì: 09:00–13:00, 14:00–18:00",
      "martedì: 09:00–13:00, 14:00–18:00",
      "mercoledì: 09:00–13:00, 14:00–18:00",
      "giovedì: 09:00–13:00, 14:00–18:00",
      "venerdì: 09:00–13:00, 14:00–18:00",
      "sabato: Chiuso",
      "domenica: Chiuso"
    ],
    "lat": 44.9888556,
    "lng": 9.0066574,
    "place_id": "ChIJvUGjyek-h0cRXK5cvVgQjO8",
    "website": "http://www.temporary.it/"
  },
  {
    "citta": "Acqui Terme",
    "brand": "Tempus",
    "regione": "Piemonte",
    "indirizzo": "Via Umberto Mariscotti, 56, 15011 Acqui Terme AL",
    "tel": "0144 980033",
    "rating": 4.8,
    "reviews": 13,
    "orari": [
      "lunedì: 09:00–13:00, 14:00–18:00",
      "martedì: 09:00–13:00, 14:00–18:00",
      "mercoledì: 09:00–13:00, 14:00–18:00",
      "giovedì: 09:00–13:00, 14:00–18:00",
      "venerdì: 09:00–13:00, 14:00–18:00",
      "sabato: Chiuso",
      "domenica: Chiuso"
    ],
    "lat": 44.6739457,
    "lng": 8.4660908,
    "place_id": "ChIJrzhO8kbV0hIRqD67ZopmJsE",
    "website": "http://www.tempusitalia.it/"
  },
  {
    "citta": "Albenga",
    "brand": "Tempus",
    "regione": "Liguria",
    "indirizzo": "Via dei Mille, 102, 17031 Albenga SV",
    "tel": "0182 630380",
    "rating": 4.7,
    "reviews": 31,
    "orari": [
      "lunedì: 09:00–13:00, 14:00–18:00",
      "martedì: 09:00–13:00, 14:00–18:00",
      "mercoledì: 09:00–13:00, 14:00–18:00",
      "giovedì: 09:00–13:00, 14:00–18:00",
      "venerdì: 09:00–13:00, 14:00–18:00",
      "sabato: Chiuso",
      "domenica: Chiuso"
    ],
    "lat": 44.0476763,
    "lng": 8.2207448,
    "place_id": "ChIJKyE9Uqlu0hIRb--saTQgDcY",
    "website": "https://www.tempusitalia.it/"
  },
  {
    "citta": "Alessandria",
    "brand": "Tempus",
    "regione": "Piemonte",
    "indirizzo": "Piazza Giorgio Ambrosoli, 13, 15121 Alessandria AL",
    "tel": "0131 250072",
    "rating": 4.6,
    "reviews": 29,
    "orari": [
      "lunedì: 09:00–13:00, 14:00–18:00",
      "martedì: 09:00–13:00, 14:00–18:00",
      "mercoledì: 09:00–13:00, 14:00–18:00",
      "giovedì: 09:00–13:00, 14:00–18:00",
      "venerdì: 09:00–13:00, 14:00–18:00",
      "sabato: Chiuso",
      "domenica: Chiuso"
    ],
    "lat": 44.9083145,
    "lng": 8.6164693,
    "place_id": "ChIJM4gc0yJ0h0cRhAkC77x2U5c",
    "website": "https://www.tempusitalia.it/"
  },
  {
    "citta": "Bassano del Grappa",
    "brand": "Tempus",
    "regione": "Veneto",
    "indirizzo": "Via B. Giovanna, 36, 36061 Bassano del Grappa VI",
    "tel": "0424 190 0087",
    "rating": 4.7,
    "reviews": 145,
    "orari": [
      "lunedì: 09:00–13:00, 14:00–18:00",
      "martedì: 09:00–13:00, 14:00–18:00",
      "mercoledì: 09:00–13:00, 14:00–18:00",
      "giovedì: 09:00–13:00, 14:00–18:00",
      "venerdì: 09:00–13:00, 14:00–18:00",
      "sabato: Chiuso",
      "domenica: Chiuso"
    ],
    "lat": 45.7641157,
    "lng": 11.7366305,
    "place_id": "ChIJxSwZcIbaeEcRD_R-irtKac8",
    "website": "http://www.tempusitalia.it/"
  },
  {
    "citta": "Cinisello Balsamo",
    "brand": "Tempus",
    "regione": "Lombardia",
    "indirizzo": "Via Camillo Benso di Cavour, 5, 20092 Cinisello Balsamo MI",
    "tel": "02 3656 4821",
    "rating": 4.6,
    "reviews": 21,
    "orari": [
      "lunedì: 09:00–13:00, 14:00–18:00",
      "martedì: 09:00–13:00, 14:00–18:00",
      "mercoledì: 09:00–13:00, 14:00–18:00",
      "giovedì: 09:00–13:00, 14:00–18:00",
      "venerdì: 09:00–13:00, 14:00–18:00",
      "sabato: Chiuso",
      "domenica: Chiuso"
    ],
    "lat": 45.5553663,
    "lng": 9.2131215,
    "place_id": "ChIJnVMm-ri_hkcR5R5R8_kP2IE",
    "website": "https://www.tempusitalia.it/index.php"
  },
  {
    "citta": "Cornaredo",
    "brand": "Tempus",
    "regione": "Lombardia",
    "indirizzo": "Via Magenta, 9, 20010 Cornaredo MI",
    "tel": "02 9976 0589",
    "rating": 4.4,
    "reviews": 71,
    "orari": [
      "lunedì: 09:00–13:00, 14:00–18:00",
      "martedì: 09:00–13:00, 14:00–18:00",
      "mercoledì: 09:00–13:00, 14:00–18:00",
      "giovedì: 09:00–13:00, 14:00–18:00",
      "venerdì: 09:00–13:00, 14:00–18:00",
      "sabato: Chiuso",
      "domenica: Chiuso"
    ],
    "lat": 45.4870019,
    "lng": 9.014534,
    "place_id": "ChIJI5_bE5vrhkcRsOmgMbVcWt0",
    "website": "http://www.tempusitalia.it/"
  },
  {
    "citta": "Erba",
    "brand": "Tempus",
    "regione": "Lombardia",
    "indirizzo": "Via Plinio, 12, 22036 Erba CO",
    "tel": "031 687 8892",
    "rating": 4.9,
    "reviews": 42,
    "orari": [
      "lunedì: 09:00–13:00, 14:00–18:00",
      "martedì: 09:00–13:00, 14:00–18:00",
      "mercoledì: 09:00–13:00, 14:00–18:00",
      "giovedì: 09:00–13:00, 14:00–18:00",
      "venerdì: 09:00–13:00, 14:00–18:00",
      "sabato: Chiuso",
      "domenica: Chiuso"
    ],
    "lat": 45.811665,
    "lng": 9.228107,
    "place_id": "ChIJyaSccJWhhkcRAHRvq07fsMA",
    "website": "https://www.tempusitalia.it/index.php"
  },
  {
    "citta": "Fabriano",
    "brand": "Tempus",
    "regione": "Marche",
    "indirizzo": "Via Dante, 71/N, 60044 Fabriano AN",
    "tel": "0732 770012",
    "rating": 4.4,
    "reviews": 14,
    "orari": [
      "lunedì: 09:00–13:00, 14:00–18:00",
      "martedì: 09:00–13:00, 14:00–18:00",
      "mercoledì: 09:00–13:00, 14:00–18:00",
      "giovedì: 09:00–13:00, 14:00–18:00",
      "venerdì: 09:00–13:00, 14:00–18:00",
      "sabato: Chiuso",
      "domenica: Chiuso"
    ],
    "lat": 43.3412599,
    "lng": 12.9139649,
    "place_id": "ChIJsyhYbYnJLRMR24jsq8-HBwk",
    "website": "https://www.tempusitalia.it/"
  },
  {
    "citta": "Firenze",
    "brand": "Tempus",
    "regione": "Toscana",
    "indirizzo": "Via Francesco Corteccia, 28/7, 50127 Firenze FI",
    "tel": "055 906 0394",
    "rating": 4.6,
    "reviews": 55,
    "orari": [
      "lunedì: 09:00–13:00, 14:00–18:00",
      "martedì: 09:00–13:00, 14:00–18:00",
      "mercoledì: 09:00–13:00, 14:00–18:00",
      "giovedì: 09:00–13:00, 14:00–18:00",
      "venerdì: 09:00–13:00, 14:00–18:00",
      "sabato: Chiuso",
      "domenica: Chiuso"
    ],
    "lat": 43.7902146,
    "lng": 11.2258846,
    "place_id": "ChIJh1aA4fRTKhMR8euALppTKiQ",
    "website": "http://www.tempusitalia.it/"
  },
  {
    "citta": "Gallarate",
    "brand": "Tempus",
    "regione": "Lombardia",
    "indirizzo": "Via Giacomo Matteotti, 20, 21013 Gallarate VA",
    "tel": "0331 073638",
    "rating": 4.3,
    "reviews": 69,
    "orari": [
      "lunedì: 09:00–13:00, 14:00–18:00",
      "martedì: 09:00–13:00, 14:00–18:00",
      "mercoledì: 09:00–13:00, 14:00–18:00",
      "giovedì: 09:00–13:00, 14:00–18:00",
      "venerdì: 09:00–13:00, 14:00–18:00",
      "sabato: Chiuso",
      "domenica: Chiuso"
    ],
    "lat": 45.6538425,
    "lng": 8.7948369,
    "place_id": "ChIJUcGAHNuJhkcRd3ffR7Tp2_I",
    "website": "http://www.tempusitalia.it/"
  },
  {
    "citta": "Lainate",
    "brand": "Tempus",
    "regione": "Lombardia",
    "indirizzo": "Viale Rimembranze, 35, 20045 Lainate MI",
    "tel": "02 3654 8797",
    "rating": 4.8,
    "reviews": 338,
    "orari": [
      "lunedì: 09:00–13:00, 14:00–18:00",
      "martedì: 09:00–13:00, 14:00–18:00",
      "mercoledì: 09:00–13:00, 14:00–18:00",
      "giovedì: 09:00–13:00, 14:00–18:00",
      "venerdì: 09:00–13:00, 14:00–18:00",
      "sabato: Chiuso",
      "domenica: Chiuso"
    ],
    "lat": 45.567455,
    "lng": 9.027289999999999,
    "place_id": "ChIJvzHGxGOThkcRVb08jV7EK6A",
    "website": "http://www.tempusitalia.it/"
  },
  {
    "citta": "Latina",
    "brand": "Tempus",
    "regione": "Lazio",
    "indirizzo": "Via S. Carlo da Sezze, 66, 04100 Latina LT",
    "tel": "0773 176 0188",
    "rating": null,
    "reviews": 0,
    "orari": [
      "lunedì: 09:00–13:00, 14:00–18:00",
      "martedì: 09:00–13:00, 14:00–18:00",
      "mercoledì: 09:00–13:00, 14:00–18:00",
      "giovedì: 09:00–13:00, 14:00–18:00",
      "venerdì: 09:00–13:00, 14:00–18:00",
      "sabato: Chiuso",
      "domenica: Chiuso"
    ],
    "lat": 41.4741969,
    "lng": 12.9003495,
    "place_id": "ChIJV4pElnEMJRMRUaq3FORBLfM",
    "website": "https://www.tempusitalia.it/"
  },
  {
    "citta": "Lecco",
    "brand": "Tempus",
    "regione": "Lombardia",
    "indirizzo": "Via Giuseppe Resinelli, 4/a, 23900 Lecco LC",
    "tel": "0341 184 0172",
    "rating": null,
    "reviews": 0,
    "orari": [
      "lunedì: 09:00–13:00, 14:00–18:00",
      "martedì: 09:00–13:00, 14:00–18:00",
      "mercoledì: 09:00–13:00, 14:00–18:00",
      "giovedì: 09:00–13:00, 14:00–18:00",
      "venerdì: 09:00–13:00, 14:00–18:00",
      "sabato: Chiuso",
      "domenica: Chiuso"
    ],
    "lat": 45.85698439999999,
    "lng": 9.3914536,
    "place_id": "ChIJ3_ysYwcdhEcRpAct7adaq1g",
    "website": "https://www.tempusitalia.it/"
  },
  {
    "citta": "Merate",
    "brand": "Tempus",
    "regione": "Lombardia",
    "indirizzo": "Via Don Angelo Perego, 4, 23807 Merate LC",
    "tel": "039 596 9931",
    "rating": 4.3,
    "reviews": 84,
    "orari": [
      "lunedì: 09:00–13:00, 14:00–18:00",
      "martedì: 09:00–13:00, 14:00–18:00",
      "mercoledì: 09:00–13:00, 14:00–18:00",
      "giovedì: 09:00–13:00, 14:00–18:00",
      "venerdì: 09:00–13:00, 14:00–18:00",
      "sabato: Chiuso",
      "domenica: Chiuso"
    ],
    "lat": 45.6978304,
    "lng": 9.4162575,
    "place_id": "ChIJ9fv6aV2uhkcRpKDY5aRgwj8",
    "website": "http://www.tempusitalia.it/"
  },
  {
    "citta": "Pomezia",
    "brand": "Tempus",
    "regione": "Lazio",
    "indirizzo": "Piazza S. Benedetto da Norcia, 33, 00040 Pomezia RM",
    "tel": "06 9784 9074",
    "rating": 4.7,
    "reviews": 28,
    "orari": [
      "lunedì: 09:00–13:00, 14:00–18:00",
      "martedì: 09:00–13:00, 14:00–18:00",
      "mercoledì: 09:00–13:00, 14:00–18:00",
      "giovedì: 09:00–13:00, 14:00–18:00",
      "venerdì: 09:00–13:00, 14:00–18:00",
      "sabato: Chiuso",
      "domenica: Chiuso"
    ],
    "lat": 41.6676554,
    "lng": 12.4971188,
    "place_id": "ChIJnXud0E2SJRMRBS6n0kM1NDU",
    "website": "http://www.tempusitalia.it/"
  },
  {
    "citta": "Verona",
    "brand": "Tempus",
    "regione": "Veneto",
    "indirizzo": "C.so Milano, 115, 37138 Verona VR",
    "tel": "045 958 0184",
    "rating": 5,
    "reviews": 21,
    "orari": [
      "lunedì: 09:00–13:00, 14:00–18:00",
      "martedì: 09:00–13:00, 14:00–18:00",
      "mercoledì: 09:00–13:00, 14:00–18:00",
      "giovedì: 09:00–13:00, 14:00–18:00",
      "venerdì: 09:00–13:00, 14:00–18:00",
      "sabato: Chiuso",
      "domenica: Chiuso"
    ],
    "lat": 45.4436425,
    "lng": 10.9682231,
    "place_id": "ChIJdQF6p1XhgUcRBA2xhQ5369Y",
    "website": "https://www.tempusitalia.it/"
  },
  {
    "citta": "Vigevano",
    "brand": "Tempus",
    "regione": "Lombardia",
    "indirizzo": "Via Roma, 6, 27029 Vigevano PV",
    "tel": "0381 091031",
    "rating": 4.8,
    "reviews": 364,
    "orari": [
      "lunedì: 09:00–13:00, 14:00–18:00",
      "martedì: 09:00–13:00, 14:00–18:00",
      "mercoledì: 09:00–13:00, 14:00–18:00",
      "giovedì: 09:00–13:00, 14:00–18:00",
      "venerdì: 09:00–13:00, 14:00–18:00",
      "sabato: Chiuso",
      "domenica: Chiuso"
    ],
    "lat": 45.31713999999999,
    "lng": 8.8593,
    "place_id": "ChIJDVwtTLH8hkcRAJfmjec7LZo",
    "website": "http://www.tempusitalia.it/"
  }
]